X,Y,perte_charge
0.019955992,0.005512116,5.0
0.020427145,0.00548734,5.0
0.020938165,0.005470894,5.0
0.021580157,0.005454504,5.0
0.02190993,0.005446327,5.0
0.02225681,0.005439495,5.0
0.022591867,0.00543267,5.0
0.022896858,0.005430406,5.0
0.023205967,0.005425867,5.0
0.023474235,0.005419057,5.0
0.023809379,0.005412258,5.0
0.024158562,0.005403202,5.0
0.024503479,0.00539416,5.0
0.024843798,0.005380619,5.0
0.025208172,0.005385152,5.0
0.025685905,0.005369386,5.0
0.026082611,0.005369405,5.0
0.026587112,0.005358181,5.0
0.027132557,0.005358207,5.0
0.027636192,0.005351493,5.0
0.028268074,0.005344793,5.0
0.029148014,0.005340354,5.0
0.029986329,0.005333678,5.0
0.030825125,0.005322544,5.0
0.031554115,0.005318116,5.0
0.032424349,0.005307015,5.0
0.033140335,0.005304824,5.0
0.03406738,0.005298196,5.0
0.034673189,0.005289343,5.0
0.035049897,0.005289804,5.0
0.035504087,0.005289825,5.0
0.036096702,0.005284531,5.0
0.036614932,0.005281895,5.0
0.037328944,0.005281928,5.0
0.037934576,0.005276641,5.0
0.038479198,0.005276666,5.0
0.039229569,0.0052767,5.0
0.039774492,0.005276724,5.0
0.040326985,0.005276749,5.0
0.041113394,0.005276784,5.0
0.041742031,0.005276812,5.0
0.042968975,0.005276866,5.0
0.044069568,0.005276914,5.0
0.044970307,0.005276953,5.0
0.04656971,0.005277021,5.0
0.047543412,0.005277063,5.0
0.048248184,0.005277092,5.0
0.048806047,0.005274461,5.0
0.049575107,0.005271839,5.0
0.050333136,0.005269218,5.0
0.051173307,0.005269253,5.0
0.052123286,0.005266641,5.0
0.052823033,0.005266669,5.0
0.053680074,0.005264054,5.0
0.055283355,0.005253532,5.0
0.056232004,0.005245645,5.0
0.057328594,0.005237774,5.0
0.058797018,0.005235196,5.0
0.059998797,0.005235243,5.0
0.061140729,0.00523002,5.0
0.06274809,0.005233933,5.0
0.06404241,0.005233982,5.0
0.065039613,0.005234019,5.0
0.066527886,0.005234074,5.0
0.06771309,0.005234117,5.0
0.069033597,0.005234165,5.0
0.070652245,0.005234223,5.0
0.0727491,0.005234297,5.0
0.07429071,0.005237512,5.0
0.076284784,0.005237581,5.0
0.078548812,0.005237658,5.0
0.080346224,0.005237718,5.0
0.082685153,0.005237796,5.0
0.085045229,0.005237873,5.0
0.087279804,0.005237945,5.0
0.089129337,0.005238003,5.0
0.091118573,0.005238066,5.0
0.093306546,0.005238134,5.0
0.095231229,0.005238193,5.0
0.097088403,0.005238249,5.0
0.099914718,0.005235171,5.0
0.102426895,0.005235245,5.0
0.105874982,0.005225871,5.0
0.107820646,0.005210174,5.0
0.109862669,0.005191391,5.0
0.112873837,0.00518208,5.0
0.115711842,0.005172779,5.0
0.119211811,0.005169751,5.0
0.123224954,0.005157387,5.0
0.128148719,0.005141968,5.0
0.131661102,0.005138954,5.0
0.136168441,0.005111218,5.0
0.140519562,0.005077493,5.0
0.144769909,0.005071467,5.0
0.147837724,0.005062362,5.0
0.151387686,0.005056335,5.0
0.1554512,0.005041187,5.0
0.159976551,0.005041288,5.0
0.163186401,0.005026164,5.0
0.166736448,0.005005047,5.0
0.171023107,0.004993067,5.0
0.1756137,0.004987138,5.0
0.180925572,0.004981229,5.0
0.185372352,0.004981318,5.0
0.190663489,0.00497241,5.0
0.195349575,0.004957516,5.0
0.199049346,0.004930728,5.0
0.203716567,0.004910026,5.0
0.208263279,0.004904186,5.0
0.21291144,0.004886542,5.0
0.216107463,0.004877759,5.0
0.221052673,0.004869023,5.0
0.224866688,0.004848561,5.0
0.22963185,0.004834033,5.0
0.234497986,0.004816642,5.0
0.238544035,0.004813803,5.0
0.244811884,0.004796506,5.0
0.25152188,0.004782162,5.0
0.258986836,0.004767871,5.0
0.26505951,0.004762214,5.0
0.271274559,0.004750826,5.0
0.275955128,0.004736583,5.0
0.283988482,0.004719582,5.0
0.290326766,0.004705455,5.0
0.299604007,0.004682925,5.0
0.307645972,0.004663298,5.0
0.314859562,0.00464374,5.0
0.332150171,0.00460976,5.0
0.347264653,0.004578021,5.0
0.358479977,0.00454645,5.0
0.373306391,0.004507299,5.0
0.391225227,0.004468518,5.0
0.405146096,0.004441583,5.0
0.425945071,0.004414881,5.0
0.443914464,0.004384495,5.0
0.460441327,0.004346743,5.0
0.473803477,0.004324281,5.0
0.493007719,0.004290794,5.0
0.509739534,0.00426124,5.0
0.526620557,0.00423189,5.0
0.536760339,0.004209986,5.0
0.551898534,0.004180971,5.0
0.567914807,0.004155769,5.0
0.584860438,0.00412714,5.0
0.601833266,0.004098708,5.0
0.620776776,0.004066953,5.0
0.638791897,0.004035436,5.0
0.661521862,0.003993782,5.0
0.675868423,0.00396969,5.0
0.693275221,0.003945765,5.0
0.707747751,0.00391516,5.0
0.720802104,0.00390168,5.0
0.734680764,0.003878139,5.0
0.756602397,0.003841434,5.0
0.776705416,0.003811675,5.0
0.794812139,0.003778852,5.0
0.827684766,0.003697953,5.0
0.844963164,0.003662928,5.0
0.873639627,0.003606332,5.0
0.902571838,0.003553697,5.0
0.930981415,0.00350183,5.0
0.962577243,0.003450741,5.0
0.995245291,0.003388629,5.0
1.022501219,0.003344973,5.0
1.05636338,0.003301915,5.0
1.089613883,0.003262238,5.0
1.122125998,0.003203537,5.0
1.155608338,0.00315683,5.0
1.186312888,0.003108101,5.0
1.219770377,0.003065451,5.0
1.247214522,0.00303386,5.0
1.279336298,0.003010431,5.0
1.30916049,0.002971689,5.0
1.340744995,0.002935998,5.0
1.377462764,0.002880734,5.0
1.410695025,0.002836312,5.0
1.455098662,0.002795044,5.0
1.496663055,0.002767881,5.0
1.533989712,0.002729955,5.0
1.573497281,0.00269956,5.0
1.608900209,0.002674116,5.0
1.638576227,0.002648894,5.0
1.679442376,0.002623952,5.0
1.711779314,0.002601468,5.0
1.753077488,0.002574752,5.0
1.805386674,0.002541751,5.0
1.851884016,0.002509162,5.0
1.901088825,0.0024642,5.0
1.942318356,0.002438917,5.0
1.993926238,0.002407685,5.0
2.029090973,0.002380919,5.0
2.061596819,0.002358517,5.0
2.084660252,0.002342358,5.0
2.113013024,0.002324322,5.0
2.14515794,0.002300479,5.0
2.189939761,0.002274959,5.0
2.240992256,0.002232365,5.0
2.298708472,0.002192496,5.0
2.348561283,0.002162628,5.0
2.39188033,0.002135,5.0
2.459338567,0.002089751,5.0
2.512674939,0.002054267,5.0
2.554957126,0.002021116,5.0
2.616597669,0.001985163,5.0
2.673344655,0.001953213,5.0
2.744376186,0.001920194,5.0
2.835262155,0.001876541,5.0
2.894450627,0.001855937,5.0
2.964282009,0.001830903,5.0
3.011769775,0.00181545,5.0
3.069760365,0.001797094,5.0
3.131354886,0.001777433,5.0
3.194185221,0.001753526,5.0
3.268649485,0.001725593,5.0
3.359675936,0.001706516,5.0
3.423359741,0.001686538,5.0
3.493601991,0.001668879,5.0
3.539420083,0.001658122,5.0
3.5748623,0.001640723,5.0
3.616198618,0.00163149,5.0
3.656611338,0.001622315,5.0
3.707407657,0.001607336,5.0
3.770451519,0.001599017,5.0
3.82282933,0.001586863,5.0
3.881880589,0.00156721,5.0
3.940333841,0.00155473,5.0
3.987423946,0.001546079,5.0
0.019945948,0.013788918,10.0
0.020323378,0.013697633,10.0
0.02068516,0.013639867,10.0
0.020949161,0.013582338,10.0
0.021239964,0.013541402,10.0
0.021594266,0.013484295,10.0
0.021918185,0.013411215,10.0
0.02219797,0.013378873,10.0
0.02260565,0.013314412,10.0
0.022995458,0.013266276,10.0
0.023391993,0.013210333,10.0
0.023782249,0.013146683,10.0
0.024179029,0.013091245,10.0
0.024541806,0.013059682,10.0
0.025089279,0.012988922,10.0
0.025479771,0.012941964,10.0
0.025947815,0.012895182,10.0
0.026351683,0.012848564,10.0
0.026880207,0.012802124,10.0
0.027479898,0.012732764,10.0
0.028015606,0.012679083,10.0
0.0284674,0.012656163,10.0
0.029038388,0.012602808,10.0
0.029669902,0.012549682,10.0
0.030115149,0.012534564,10.0
0.030719205,0.012474187,10.0
0.031283568,0.012421599,10.0
0.031946314,0.012376713,10.0
0.032605109,0.012324542,10.0
0.033094415,0.012287414,10.0
0.033665275,0.012243006,10.0
0.034264887,0.01219876,10.0
0.034990815,0.01214001,10.0
0.035870388,0.012066968,10.0
0.036711292,0.012037908,10.0
0.037634149,0.011994426,10.0
0.038708152,0.011965557,10.0
0.039224121,0.011951147,10.0
0.040099469,0.012030873,10.0
0.041701515,0.012030982,10.0
0.043583473,0.012031108,10.0
0.04440881,0.012031162,10.0
0.045349759,0.012031224,10.0
0.046387361,0.012016768,10.0
0.047632337,0.012016848,10.0
0.048507585,0.012009649,10.0
0.049809466,0.011995233,10.0
0.051231037,0.011995323,10.0
0.052201224,0.011995383,10.0
0.053101813,0.011995439,10.0
0.054466887,0.011995523,10.0
0.056052323,0.011995619,10.0
0.057493255,0.011995706,10.0
0.058743897,0.01199578,10.0
0.060520576,0.011966939,10.0
0.062144932,0.011967033,10.0
0.063637059,0.011945456,10.0
0.064985483,0.011931112,10.0
0.067470161,0.011895275,10.0
0.068937844,0.011880996,10.0
0.069895419,0.011873875,10.0
0.07145534,0.011931468,10.0
0.073657174,0.011931586,10.0
0.075759459,0.011931697,10.0
0.077578538,0.011939,10.0
0.07948514,0.011939098,10.0
0.083440079,0.011939297,10.0
0.084786055,0.011939364,10.0
0.087061758,0.011939475,10.0
0.089596087,0.011939598,10.0
0.091343256,0.011896495,10.0
0.093950308,0.011832131,10.0
0.095994048,0.01179655,10.0
0.098842931,0.011789558,10.0
0.100881728,0.011768308,10.0
0.102283034,0.011739976,10.0
0.104220099,0.011697598,10.0
0.106193851,0.011655374,10.0
0.109466181,0.011627392,10.0
0.112032779,0.011592443,10.0
0.11327603,0.011571511,10.0
0.115676351,0.011536721,10.0
0.117802072,0.011508972,10.0
0.119570309,0.011474344,10.0
0.121432088,0.011446733,10.0
0.124279269,0.011419227,10.0
0.128604703,0.011364357,10.0
0.131620083,0.011350752,10.0
0.133595768,0.011337125,10.0
0.136276207,0.011303043,10.0
0.138627414,0.01126905,10.0
0.143970075,0.011120764,10.0
0.150643501,0.010905862,10.0
0.15654795,0.010808174,10.0
0.159805728,0.010792051,10.0
0.16402967,0.010711408,10.0
0.171868947,0.010599575,10.0
0.176654227,0.010567913,10.0
0.183326332,0.010489011,10.0
0.190250449,0.010410701,10.0
0.19743612,0.010348518,10.0
0.201268212,0.01030208,10.0
0.204893122,0.010240446,10.0
0.208583348,0.010194488,10.0
0.21409668,0.010148782,10.0
0.222183017,0.010073029,10.0
0.231526565,0.009997868,10.0
0.241262997,0.009893499,10.0
0.249346098,0.009790179,10.0
0.260546471,0.009688004,10.0
0.270758757,0.009601284,10.0
0.280985268,0.009529643,10.0
0.295629499,0.009373744,10.0
0.308061691,0.009248094,10.0
0.319258382,0.00913782,10.0
0.333141378,0.00900182,10.0
0.345249738,0.008934668,10.0
0.353403684,0.008881279,10.0
0.365745913,0.008801793,10.0
0.374898337,0.008736078,10.0
0.388524282,0.008618978,10.0
0.400440029,0.008516203,10.0
0.41102467,0.008452638,10.0
0.417279987,0.008402094,10.0
0.428309722,0.008326867,10.0
0.446321611,0.008178371,10.0
0.459378782,0.00808086,10.0
0.467010805,0.0080205,10.0
0.474769546,0.007936715,10.0
0.48798849,0.007853874,10.0
0.498828103,0.007771867,10.0
0.506419639,0.007702237,10.0
0.517668673,0.007621819,10.0
0.526269097,0.007553545,10.0
0.535747479,0.007463443,10.0
0.545396623,0.0073855,10.0
0.554457683,0.007308366,10.0
0.56444382,0.007232047,10.0
0.580956771,0.007145855,10.0
0.593861583,0.00708189,10.0
0.605388241,0.007029031,10.0
0.619686053,0.006955672,10.0
0.634321552,0.006883082,10.0
0.651982954,0.006801057,10.0
0.665550979,0.006740183,10.0
0.681269573,0.006639874,10.0
0.6983178,0.006570601,10.0
0.707972699,0.00653134,10.0
0.721714214,0.006472882,10.0
0.73875943,0.00640535,10.0
0.747945631,0.006347983,10.0
0.765610281,0.006262927,10.0
0.778330024,0.006197553,10.0
0.805512398,0.006077978,10.0
0.833644113,0.00596072,10.0
0.855679485,0.005872067,10.0
0.872287786,0.005784696,10.0
0.896574929,0.00569868,10.0
0.917749593,0.005571951,10.0
0.944598469,0.005448083,10.0
0.957657942,0.005334888,10.0
0.972232436,0.005271311,10.0
0.989743046,0.005192901,10.0
1.024308787,0.005062307,10.0
1.042757478,0.005002007,10.0
1.070320244,0.004905537,10.0
1.094613518,0.004804654,10.0
1.122090851,0.004710627,10.0
1.146972012,0.004613623,10.0
1.167941736,0.004546932,10.0
1.18929498,0.004495236,10.0
1.204129545,0.004453364,10.0
1.227314206,0.004402744,10.0
1.25333323,0.004343656,10.0
1.288475693,0.00426315,10.0
1.308284693,0.004219074,10.0
1.352685012,0.004115136,10.0
1.378730019,0.004064152,10.0
1.425521245,0.003972317,10.0
1.459912781,0.003914984,10.0
1.495134002,0.003854471,10.0
1.532665709,0.003787016,10.0
1.571139532,0.003716881,10.0
1.595293976,0.003651798,10.0
1.633781278,0.003584182,10.0
1.674793471,0.003521495,10.0
1.700541713,0.003474285,10.0
1.728333193,0.003431285,10.0
1.771718937,0.003371298,10.0
1.81792638,0.003302061,10.0
1.863561102,0.003237618,10.0
1.912163802,0.003164571,10.0
1.962034167,0.003096406,10.0
2.009369486,0.003039173,10.0
2.046106631,0.002995399,10.0
2.091477872,0.002952286,10.0
2.141936165,0.002897753,10.0
2.195704474,0.002835406,10.0
2.240116418,0.002780156,10.0
2.291974062,0.00272319,10.0
2.329431248,0.00268124,10.0
2.367500604,0.002639948,10.0
2.424618187,0.002585911,10.0
2.478382729,0.002540879,10.0
2.543020649,0.002478633,10.0
2.587046439,0.002435481,10.0
2.636858504,0.002388161,10.0
2.692760272,0.002336956,10.0
2.731553119,0.002303449,10.0
2.784147789,0.002265778,10.0
2.837755254,0.002233353,10.0
2.892394653,0.002187811,10.0
2.936862926,0.002163204,10.0
2.959352766,0.002149899,10.0
3.009869929,0.002108621,10.0
3.109054108,0.002065805,10.0
3.150838691,0.002053164,10.0
3.181027997,0.002034284,10.0
3.220706942,0.002009393,10.0
3.285852022,0.001974693,10.0
3.326838489,0.001948566,10.0
3.390895149,0.001909083,10.0
3.449599916,0.00186852,10.0
3.499296219,0.001836362,10.0
3.556484983,0.001810357,10.0
3.607721395,0.001790218,10.0
3.66318738,0.001766719,10.0
3.733720601,0.001738265,10.0
3.812876903,0.001713818,10.0
3.882588304,0.001689733,10.0
3.942280268,0.001669392,10.0
3.983850085,0.001659348,10.0
3.99907479,0.001654342,10.0
4.010531498,0.001651016,10.0
0.019774025,0.024376407,20.0
0.020774727,0.023797303,20.0
0.020975163,0.023761585,20.0
0.0213818,0.023512944,20.0
0.021976523,0.023301923,20.0
0.022680958,0.022988917,20.0
0.023375958,0.022748395,20.0
0.023960409,0.022476571,20.0
0.024492217,0.022274847,20.0
0.025139109,0.02200869,20.0
0.025767728,0.021745711,20.0
0.026303571,0.021485866,20.0
0.026924377,0.021229135,20.0
0.027787737,0.020943995,20.0
0.028326782,0.020787249,20.0
0.029075124,0.020569772,20.0
0.029679869,0.020385172,20.0
0.030800352,0.020141645,20.0
0.03183186,0.019990954,20.0
0.032717813,0.019871219,20.0
0.033953081,0.019633843,20.0
0.035477752,0.019516308,20.0
0.036515366,0.01945783,20.0
0.037531783,0.019399526,20.0
0.039163468,0.019341452,20.0
0.041147569,0.019225706,20.0
0.042003651,0.019139293,20.0
0.043709592,0.01896763,20.0
0.045235789,0.018882435,20.0
0.046558907,0.018797604,20.0
0.0477238,0.018769474,20.0
0.048383508,0.018741342,20.0
0.050072968,0.018685235,20.0
0.051750337,0.018629294,20.0
0.054148882,0.018573577,20.0
0.056892486,0.018545902,20.0
0.059939461,0.018462709,20.0
0.061947417,0.018407451,20.0
0.063410284,0.018352315,20.0
0.066349343,0.018269973,20.0
0.068666279,0.018215308,20.0
0.071064135,0.01816081,20.0
0.073849316,0.01813373,20.0
0.076114044,0.018106653,20.0
0.078340595,0.018079611,20.0
0.080743055,0.01802551,20.0
0.08333354,0.01797158,20.0
0.087676333,0.017810532,20.0
0.09086277,0.017730609,20.0
0.094553703,0.017651073,20.0
0.098124769,0.017598309,20.0
0.101690995,0.017545699,20.0
0.103664624,0.017466885,20.0
0.108320842,0.017310353,20.0
0.113965953,0.017155271,20.0
0.11827024,0.01710401,20.0
0.123582568,0.016976241,20.0
0.125808293,0.016950858,20.0
0.134010636,0.016723535,20.0
0.137777056,0.016694586,20.0
0.151193892,0.016092184,20.0
0.162669442,0.015919483,20.0
0.168563166,0.015885306,20.0
0.174325291,0.015748626,20.0
0.1806411,0.015512115,20.0
0.186816038,0.015312245,20.0
0.194736306,0.015213446,20.0
0.20582138,0.015017583,20.0
0.211598224,0.014824062,20.0
0.226311902,0.014413343,20.0
0.235440498,0.014166267,20.0
0.243970666,0.013953566,20.0
0.255321693,0.013744133,20.0
0.268259575,0.01350862,20.0
0.27742981,0.01333462,20.0
0.290337532,0.013077789,20.0
0.302048993,0.012937353,20.0
0.310526908,0.012798347,20.0
0.329503809,0.012524839,20.0
0.33808326,0.012417098,20.0
0.353813136,0.012204355,20.0
0.369543651,0.012073358,20.0
0.382176114,0.011815205,20.0
0.403931002,0.01146311,20.0
0.426081178,0.011193923,20.0
0.438907584,0.011073708,20.0
0.453014854,0.010907509,20.0
0.470357184,0.010651289,20.0
0.483559318,0.010514134,20.0
0.50008955,0.010311658,20.0
0.522323378,0.010091307,20.0
0.546625318,0.009811815,20.0
0.56531144,0.0096021,20.0
0.593957658,0.009295912,20.0
0.614261879,0.009097246,20.0
0.642841504,0.008826229,20.0
0.672750978,0.008581844,20.0
0.693002884,0.008416626,20.0
0.720957035,0.008219038,20.0
0.753010942,0.008043503,20.0
0.778752719,0.007905779,20.0
0.803783582,0.007770407,20.0
0.826344442,0.007604376,20.0
0.868218339,0.007314429,20.0
0.889064827,0.007142679,20.0
0.926757998,0.006870326,20.0
0.964141536,0.006694643,20.0
1.041431715,0.006288338,20.0
1.072782302,0.006140778,20.0
1.087733769,0.006061745,20.0
1.158781664,0.005730912,20.0
1.19130695,0.005584381,20.0
1.239361812,0.005394854,20.0
1.289355382,0.005234353,20.0
1.317705998,0.005111558,20.0
1.349345616,0.005002462,20.0
1.398234493,0.00477051,20.0
1.437481145,0.004648624,20.0
1.457515777,0.00459878,20.0
1.457515777,0.00459878,20.0
1.570075007,0.004433791,20.0
1.658723463,0.004226414,20.0
1.726106921,0.004028704,20.0
1.828580344,0.003834653,20.0
1.953163478,0.003655539,20.0
2.0493243,0.003532042,20.0
2.097723998,0.003402405,20.0
2.150217655,0.003292323,20.0
2.204025367,0.003209762,20.0
2.271622732,0.003134012,20.0
2.33487229,0.003064636,20.0
2.399882347,0.002961181,20.0
2.452346126,0.002894025,20.0
2.497578986,0.002842044,20.0
2.529536472,0.002805493,20.0
2.559867902,0.002771811,20.0
2.602944073,0.002733838,20.0
2.653062223,0.002687106,20.0
2.695563672,0.002645735,20.0
2.760595987,0.002589362,20.0
2.829444784,0.002532033,20.0
2.897706932,0.002467466,20.0
2.967615912,0.00240044,20.0
3.027160252,0.002353438,20.0
3.095269384,0.002297481,20.0
3.159885104,0.002250619,20.0
3.233548959,0.002191525,20.0
3.287961578,0.002152415,20.0
3.359268303,0.002105001,20.0
3.432121671,0.002065756,20.0
3.492650375,0.002035961,20.0
3.582602855,0.001994672,20.0
3.654487055,0.001955902,20.0
3.751587566,0.001909793,20.0
3.83599645,0.001871194,20.0
3.888168562,0.001847493,20.0
3.963033516,0.001811768,20.0
4.020126804,0.001788887,20.0
4.023322656,0.001787372,20.0
0.019644238,0.034734846,30.0
0.02063802,0.033807863,30.0
0.021299244,0.033303622,30.0
0.021861474,0.032856235,30.0
0.022315763,0.032269016,30.0
0.023062558,0.031787742,30.0
0.02386714,0.031313655,30.0
0.024666023,0.030939504,30.0
0.025561699,0.030386604,30.0
0.026819128,0.02975406,30.0
0.027527498,0.029442754,30.0
0.028215814,0.029003632,30.0
0.029240659,0.028571103,30.0
0.030136901,0.028229739,30.0
0.031146041,0.027934421,30.0
0.033404188,0.027311972,30.0
0.035289434,0.027026361,30.0
0.036924685,0.026864562,30.0
0.03826628,0.026703698,30.0
0.039711124,0.026543807,30.0
0.04087251,0.026384841,30.0
0.042067847,0.026148113,30.0
0.04353659,0.025952514,30.0
0.04518053,0.02579714,30.0
0.047534719,0.025719964,30.0
0.048992265,0.025642922,30.0
0.051333194,0.025374798,30.0
0.053638566,0.025185061,30.0
0.055283332,0.025109634,30.0
0.05776619,0.024996916,30.0
0.060277805,0.024959614,30.0
0.06255415,0.024884914,30.0
0.063943448,0.024810354,30.0
0.06981625,0.024625136,30.0
0.071759903,0.024588323,30.0
0.075085955,0.024514808,30.0
0.077388534,0.024441424,30.0
0.079981079,0.02440493,30.0
0.084612433,0.024149898,30.0
0.087928515,0.023969361,30.0
0.093020118,0.023683282,30.0
0.096268423,0.023541572,30.0
0.099767085,0.023435919,30.0
0.10212312,0.023330657,30.0
0.106856596,0.023086825,30.0
0.110740035,0.02287984,30.0
0.116831397,0.022505103,30.0
0.121077485,0.022437821,30.0
0.126515802,0.022236734,30.0
0.135320431,0.021971495,30.0
0.142568223,0.021741971,30.0
0.145335233,0.021644318,30.0
0.150629114,0.021266252,30.0
0.160719081,0.020871,30.0
0.167126463,0.020547138,30.0
0.171484882,0.020376513,30.0
0.180030111,0.020186411,30.0
0.194115132,0.019852754,30.0
0.203982389,0.019544811,30.0
0.214351134,0.019141521,30.0
0.226539316,0.018707528,30.0
0.240106574,0.018379058,30.0
0.256434994,0.017943736,30.0
0.266404495,0.017702278,30.0
0.279146895,0.017409563,30.0
0.288895408,0.017175278,30.0
0.303870304,0.016803431,30.0
0.317798027,0.016439602,30.0
0.331731022,0.016150914,30.0
0.343971431,0.015966899,30.0
0.359394521,0.015686538,30.0
0.373011011,0.015394983,30.0
0.389736049,0.015030296,30.0
0.410329123,0.014582747,30.0
0.428318994,0.014281953,30.0
0.44795086,0.01388561,30.0
0.469824984,0.013613454,30.0
0.480064561,0.013322142,30.0
0.49777819,0.013047339,30.0
0.509786734,0.01281817,30.0
0.519601776,0.012619295,30.0
0.533661216,0.012371836,30.0
0.547578926,0.012205386,30.0
0.563469039,0.01197856,30.0
0.579820325,0.011768226,30.0
0.602936877,0.011394052,30.0
0.626377809,0.011112632,30.0
0.646401166,0.010894797,30.0
0.67345544,0.010537452,30.0
0.702311436,0.010181228,30.0
0.729616018,0.009929813,30.0
0.750788627,0.009684547,30.0
0.777749381,0.009337655,30.0
0.810301534,0.009069217,30.0
0.840200694,0.008817668,30.0
0.862935325,0.008626852,30.0
0.886284959,0.00840504,30.0
0.921620341,0.008112536,30.0
0.958364823,0.007871163,30.0
1.006122557,0.007581518,30.0
1.030395188,0.00743297,30.0
1.070454613,0.007099952,30.0
1.099419518,0.006895876,30.0
1.142163597,0.006718735,30.0
1.185438505,0.00653252,30.0
1.226838449,0.006358087,30.0
1.263645066,0.006201208,30.0
1.315280179,0.006029401,30.0
1.340604655,0.005942195,30.0
1.375567402,0.005771479,30.0
1.415827862,0.005624005,30.0
1.470513958,0.0053864,30.0
1.539948027,0.005177527,30.0
1.59154228,0.005039807,30.0
1.639453326,0.004905746,30.0
1.697175281,0.004732524,30.0
1.736780839,0.004581832,30.0
1.759826534,0.004524566,30.0
1.821787178,0.004396389,30.0
1.876629761,0.00428723,30.0
1.929940691,0.004188314,30.0
1.984766005,0.004084344,30.0
2.031084066,0.004018914,30.0
2.099133616,0.003898126,30.0
2.1766241,0.003747185,30.0
2.23477166,0.003641121,30.0
2.294472251,0.003512746,30.0
2.379174142,0.003382913,30.0
2.434696154,0.003299053,30.0
2.520418217,0.003182894,30.0
2.574989952,0.003104035,30.0
2.635081611,0.00301632,30.0
2.709938792,0.002925892,30.0
2.814612828,0.00283319,30.0
2.889804531,0.002748323,30.0
2.967005232,0.002675608,30.0
3.036245361,0.002590878,30.0
3.137972617,0.002491055,30.0
3.232438391,0.002416646,30.0
3.302427275,0.002357063,30.0
3.357294282,0.002307183,30.0
3.452668923,0.002246406,30.0
3.492723952,0.002218602,30.0
3.550752775,0.002175618,30.0
3.6336164,0.002114627,30.0
3.700078256,0.00208114,30.0
3.830354523,0.00202299,30.0
3.939168452,0.001977006,30.0
3.991439442,0.001959632,30.0
4.017834258,0.001942375,30.0
0.019245086,0.052259209,50.0
0.020135265,0.051094368,50.0
0.020980465,0.050256724,50.0
0.02168224,0.049656185,50.0
0.022561788,0.049136654,50.0
0.02331665,0.048476598,50.0
0.024063734,0.04746735,50.0
0.025212394,0.046270086,50.0
0.026452285,0.045035302,50.0
0.027677336,0.044230546,50.0
0.02872181,0.043570917,50.0
0.030093511,0.043115149,50.0
0.031444337,0.042472208,50.0
0.032676084,0.042154435,50.0
0.033909629,0.04209133,50.0
0.034901167,0.041965158,50.0
0.035676031,0.041776492,50.0
0.036921346,0.041401651,50.0
0.037896811,0.041153651,50.0
0.039707185,0.040662074,50.0
0.041206293,0.04029727,50.0
0.04282081,0.040055978,50.0
0.044928271,0.039816203,50.0
0.046496766,0.039399731,50.0
0.048120121,0.039222715,50.0
0.049663636,0.03904648,50.0
0.05153884,0.038638097,50.0
0.053853267,0.038234042,50.0
0.054747748,0.038119406,50.0
0.056737151,0.038005256,50.0
0.061777715,0.037382741,50.0
0.06419856,0.036936257,50.0
0.067729458,0.036495232,50.0
0.071848071,0.036005379,50.0
0.074561299,0.035789876,50.0
0.077803071,0.035468941,50.0
0.07964029,0.035309576,50.0
0.083331417,0.034940434,50.0
0.08803569,0.034575245,50.0
0.092623281,0.034213851,50.0
0.098256077,0.033856321,50.0
0.102106785,0.033502358,50.0
0.105962943,0.033351984,50.0
0.110418449,0.03285487,50.0
0.116332144,0.032365277,50.0
0.12089137,0.032026936,50.0
0.125801941,0.031739817,50.0
0.130016345,0.031455215,50.0
0.133452621,0.031173105,50.0
0.140214524,0.030662483,50.0
0.149355735,0.030069858,50.0
0.153936016,0.029845051,50.0
0.159093061,0.029621956,50.0
0.161071092,0.029400331,50.0
0.161958132,0.029356235,50.0
0.167601451,0.029207592,50.0
0.182112961,0.028165618,50.0
0.196944326,0.027231434,50.0
0.207005518,0.026810936,50.0
0.212983804,0.026465365,50.0
0.221224412,0.026124348,50.0
0.228695984,0.025720809,50.0
0.235300604,0.025257791,50.0
0.240949996,0.024932214,50.0
0.257500464,0.024105287,50.0
0.270655287,0.023548977,50.0
0.282464469,0.023065264,50.0
0.29548892,0.022358095,50.0
0.311322084,0.021616494,50.0
0.324135604,0.021062831,50.0
0.33908184,0.020523408,50.0
0.356404363,0.019842696,50.0
0.378184346,0.01923455,50.0
0.400344519,0.018742114,50.0
0.424809572,0.018026787,50.0
0.44124628,0.0176108,50.0
0.453989835,0.017293901,50.0
0.476052317,0.016807436,50.0
0.505144462,0.016292432,50.0
0.534744108,0.015752262,50.0
0.55149502,0.015428764,50.0
0.579669884,0.014955979,50.0
0.597828171,0.014648855,50.0
0.618019871,0.014310869,50.0
0.643457554,0.013944511,50.0
0.684402204,0.013412519,50.0
0.719367139,0.012934281,50.0
0.756118581,0.012505538,50.0
0.804231658,0.011842654,50.0
0.84933932,0.011302558,50.0
0.892730501,0.01078709,50.0
0.91851384,0.010538282,50.0
0.947285979,0.010109905,50.0
0.998045625,0.009450677,50.0
1.041593745,0.009066659,50.0
1.084465692,0.008675713,50.0
1.139870359,0.008366595,50.0
1.192433433,0.008068482,50.0
1.253353699,0.007700725,50.0
1.298764637,0.007445613,50.0
1.320515473,0.007273918,50.0
1.361881414,0.007014724,50.0
1.401214779,0.006799953,50.0
1.421305,0.006643162,50.0
1.479806742,0.006356913,50.0
1.55172289,0.006051615,50.0
1.562807686,0.00600477,50.0
1.604134066,0.00586644,50.0
1.666203223,0.00561374,50.0
1.72657356,0.005470314,50.0
1.840805602,0.005221361,50.0
1.867199612,0.005154226,50.0
1.888629762,0.004963528,50.0
1.965353596,0.004809908,50.0
2.009009912,0.004703073,50.0
2.039584623,0.004612387,50.0
2.070624859,0.004537042,50.0
2.110814709,0.004436279,50.0
2.169585893,0.004305432,50.0
2.211696993,0.004235154,50.0
2.263932145,0.00414116,50.0
2.323773317,0.004001037,50.0
2.391755936,0.003871496,50.0
2.454975866,0.003734958,50.0
2.52332941,0.003597888,50.0
2.611454653,0.003471122,50.0
2.68785373,0.003353846,50.0
2.743789141,0.003269738,50.0
2.812450206,0.003164036,50.0
2.886791315,0.003084773,50.0
2.971245791,0.002980687,50.0
3.058171392,0.002893098,50.0
3.108980296,0.002846047,50.0
3.178040405,0.002754195,50.0
3.289031482,0.002645621,50.0
3.329930048,0.002598757,50.0
3.417949901,0.002526323,50.0
3.517944715,0.002459633,50.0
3.596090206,0.002405427,50.0
3.670927454,0.002355942,50.0
3.747321988,0.002300651,50.0
3.814815255,0.002246679,50.0
3.872873718,0.002207072,50.0
3.921032399,0.002161741,50.0
3.937217744,0.002136252,50.0
3.969789646,0.00210485,50.0
4.008131392,0.002086272,50.0
4.030206644,0.002061717,50.0
0.018990221,0.080987268,80.0
0.020013771,0.078885124,80.0
0.020546272,0.078196656,80.0
0.021213838,0.077514234,80.0
0.021753644,0.077126997,80.0
0.022537764,0.076453944,80.0
0.023403615,0.075313656,80.0
0.024136819,0.074376424,80.0
0.025179207,0.073358997,80.0
0.026296807,0.072446191,80.0
0.026843387,0.071813935,80.0
0.027748035,0.070742872,80.0
0.028617761,0.069862561,80.0
0.029650083,0.068906887,80.0
0.031215423,0.067879342,80.0
0.032489936,0.067202894,80.0
0.033585309,0.066449865,80.0
0.034717677,0.06578763,80.0
0.035888255,0.065050476,80.0
0.037826697,0.064321752,80.0
0.039146979,0.063680764,80.0
0.040190366,0.06328344,80.0
0.041308774,0.062731275,80.0
0.043391083,0.061873369,80.0
0.04480317,0.06141043,80.0
0.046155495,0.060798454,80.0
0.048095587,0.059742048,80.0
0.049774585,0.059146757,80.0
0.050868122,0.058630673,80.0
0.052523692,0.058192032,80.0
0.055045597,0.057252672,80.0
0.056707268,0.056682174,80.0
0.059430125,0.055697411,80.0
0.061084273,0.055073383,80.0
0.063579489,0.054184347,80.0
0.066938102,0.053309793,80.0
0.069912185,0.052844914,80.0
0.073353303,0.052187695,80.0
0.075740972,0.051667751,80.0
0.07901573,0.050897484,80.0
0.083667289,0.050076121,80.0
0.087685276,0.049515357,80.0
0.090954923,0.049145076,80.0
0.095213852,0.048291396,80.0
0.096972707,0.04781017,80.0
0.098992986,0.04800671,80.0
0.10174866,0.047350192,80.0
0.104940761,0.04699607,80.0
0.107738794,0.046586169,80.0
0.110484913,0.046064306,80.0
0.112783764,0.045719697,80.0
0.115262232,0.045320887,80.0
0.1176605,0.044981847,80.0
0.120935882,0.04425574,80.0
0.125015562,0.043432504,80.0
0.128937656,0.042946066,80.0
0.134513242,0.042731968,80.0
0.13825798,0.0423063,80.0
0.143249565,0.041571419,80.0
0.148251804,0.041105896,80.0
0.152728138,0.040645537,80.0
0.155549722,0.040341485,80.0
0.162090212,0.039393387,80.0
0.166793514,0.039001027,80.0
0.17202652,0.038612607,80.0
0.177829995,0.037894431,80.0
0.18215443,0.037470008,80.0
0.183829374,0.037329608,80.0
0.190031048,0.036589462,80.0
0.196217453,0.036044093,80.0
0.202142091,0.035418012,80.0
0.207769727,0.034933784,80.0
0.215271192,0.03419835,80.0
0.219499292,0.033815304,80.0
0.226385843,0.033186393,80.0
0.233488511,0.032609999,80.0
0.24108964,0.03192348,80.0
0.247518238,0.031408292,80.0
0.254700443,0.030862778,80.0
0.263896594,0.030288873,80.0
0.273737811,0.029688463,80.0
0.279433846,0.029282552,80.0
0.287871241,0.028594403,80.0
0.29386128,0.028097706,80.0
0.299632963,0.027644224,80.0
0.308680409,0.027062291,80.0
0.314743264,0.026692297,80.0
0.326854329,0.025934917,80.0
0.332132252,0.025708758,80.0
0.344912789,0.025199222,80.0
0.346494951,0.025104787,80.0
0.354921104,0.024576287,80.0
0.365220119,0.024149519,80.0
0.375388446,0.023879194,80.0
0.38539828,0.02337654,80.0
0.396128112,0.022913159,80.0
0.415154192,0.022319013,80.0
0.432611946,0.021740228,80.0
0.451320051,0.021203012,80.0
0.47029877,0.020679074,80.0
0.473538613,0.020601617,80.0
0.482806647,0.020172416,80.0
0.509281789,0.019741215,80.0
0.517401585,0.019613662,80.0
0.534031076,0.019111323,80.0
0.549019909,0.018743079,80.0
0.563314516,0.018381918,80.0
0.577981232,0.017988762,80.0
0.60487197,0.017377189,80.0
0.625548464,0.016859098,80.0
0.650780251,0.016180557,80.0
0.665088933,0.01580027,80.0
0.700173327,0.015131725,80.0
0.724107869,0.014712435,80.0
0.750342291,0.014150909,80.0
0.769878461,0.013729023,80.0
0.815312881,0.013091504,80.0
0.841518305,0.012811656,80.0
0.873732978,0.012376192,80.0
0.914384223,0.011878294,80.0
0.949388476,0.011474596,80.0
0.981842162,0.011060656,80.0
1.011397896,0.01070785,80.0
1.048041224,0.010232722,80.0
1.075329094,0.009949265,80.0
1.103327129,0.009611119,80.0
1.13653984,0.009264459,80.0
1.189418796,0.008834418,80.0
1.232513391,0.008589831,80.0
1.272128609,0.008352,80.0
1.318219763,0.008085761,80.0
1.385018522,0.007710566,80.0
1.40988555,0.007529512,80.0
1.45520154,0.007258075,80.0
1.519899365,0.006951312,80.0
1.574967491,0.006671895,80.0
1.60641843,0.006515297,80.0
1.664621849,0.006294123,80.0
1.69786363,0.00618639,80.0
1.731768549,0.00601517,80.0
1.773349916,0.00586138,80.0
1.833971403,0.005625879,80.0
1.8966649,0.005364994,80.0
1.93071891,0.005250474,80.0
1.996720594,0.005061416,80.0
2.024549392,0.004996348,80.0
2.097902993,0.004816493,80.0
2.139797426,0.004723931,80.0
2.217326274,0.004514777,80.0
2.226112213,0.004495353,80.0
2.280512495,0.004410438,80.0
2.363140375,0.004242614,80.0
2.408425939,0.00415575,80.0
2.448762329,0.004091795,80.0
2.47798652,0.004018383,80.0
2.573868815,0.003815882,80.0
2.635670963,0.003728184,80.0
2.724695146,0.003614416,80.0
2.796746575,0.003495054,80.0
2.850341276,0.003397147,80.0
2.953615117,0.00321785,80.0
3.017367642,0.003144004,80.0
3.134122611,0.003032557,80.0
3.247680453,0.002940244,80.0
3.397446059,0.00282886,80.0
3.545695052,0.002728783,80.0
3.656770265,0.002632238,80.0
3.691641059,0.002552151,80.0
3.789263382,0.002468294,80.0
3.825398888,0.002436794,80.0
3.945236696,0.002350798,80.0
3.982859822,0.002326811,80.0
4.001806034,0.002326843,80.0
4.020842058,0.002314944,80.0
4.039968792,0.002309034,80.0
0.019028897,0.094899175,125.0
0.020380582,0.092226739,125.0
0.021470187,0.090330581,125.0
0.022672072,0.088703529,125.0
0.02382837,0.087105777,125.0
0.024226792,0.086429841,125.0
0.024984495,0.084872936,125.0
0.026197018,0.083344208,125.0
0.027209481,0.082697636,125.0
0.028530387,0.08184333,125.0
0.029214712,0.081208313,125.0
0.030057601,0.080160802,125.0
0.031591736,0.078512867,125.0
0.032813077,0.077500226,125.0
0.034325018,0.07650072,125.0
0.036248864,0.075122981,125.0
0.037561426,0.074734108,125.0
0.039106505,0.073770281,125.0
0.041692265,0.072253969,125.0
0.042997606,0.071507543,125.0
0.045086074,0.070037622,125.0
0.046718892,0.069494412,125.0
0.048525843,0.06895545,125.0
0.051004011,0.068243339,125.0
0.052851319,0.067890169,125.0
0.054895552,0.067188959,125.0
0.056749025,0.066494951,125.0
0.058944013,0.065467238,125.0
0.063592178,0.063789732,125.0
0.066208932,0.063130957,125.0
0.068770109,0.062641444,125.0
0.070254069,0.062317171,125.0
0.073492872,0.061513727,125.0
0.075614965,0.061036667,125.0
0.082551563,0.059011417,125.0
0.085339119,0.058099419,125.0
0.091199971,0.056610796,125.0
0.095858415,0.055736137,125.0
0.10051606,0.054732654,125.0
0.105150354,0.053886989,125.0
0.109737644,0.052916772,125.0
0.115617062,0.051829386,125.0
0.123557725,0.050239946,125.0
0.128948217,0.049335449,125.0
0.135857076,0.048321723,125.0
0.146920694,0.046840097,125.0
0.152243246,0.046236296,125.0
0.159641085,0.045286254,125.0
0.161163286,0.045168929,125.0
0.179320834,0.042551418,125.0
0.185817252,0.04189402,125.0
0.19577348,0.040926922,125.0
0.206263087,0.039775054,125.0
0.218867152,0.038655723,125.0
0.231142115,0.037665541,125.0
0.243526926,0.036510603,125.0
0.267769824,0.034484464,125.0
0.283459493,0.033601252,125.0
0.316897901,0.031736905,125.0
0.329158928,0.031084909,125.0
0.349273281,0.029975919,125.0
0.375930649,0.028756978,125.0
0.412375423,0.026811074,125.0
0.429348163,0.026124371,125.0
0.443848628,0.02532334,125.0
0.458452022,0.024485672,125.0
0.47169233,0.024044999,125.0
0.494614489,0.023187214,125.0
0.512533968,0.022418048,125.0
0.522355015,0.022014509,125.0
0.536166832,0.021394971,125.0
0.563557188,0.020260248,125.0
0.593754218,0.019235646,125.0
0.613807991,0.018743034,125.0
0.646698318,0.017980976,125.0
0.673316223,0.017520601,125.0
0.714462756,0.016677975,125.0
0.745636426,0.016041455,125.0
0.776326259,0.015469333,125.0
0.819868028,0.014687237,125.0
0.874108839,0.01387261,125.0
0.918764255,0.013035241,125.0
0.958851938,0.012376225,125.0
1.007836967,0.011629269,125.0
1.082189893,0.010899309,125.0
1.129409344,0.010456377,125.0
1.175895918,0.010057519,125.0
1.227203953,0.009598905,125.0
1.296035212,0.009019816,125.0
1.401591756,0.008323373,125.0
1.48372138,0.007862071,125.0
1.555827294,0.007484332,125.0
1.608376608,0.007236421,125.0
1.686540267,0.006835423,125.0
1.751798057,0.006574905,125.0
1.867696857,0.00613078,125.0
1.958464143,0.005836425,125.0
2.068313495,0.005541918,125.0
2.163691069,0.005303338,125.0
2.290479795,0.00499686,125.0
2.442018972,0.004635607,125.0
2.524499868,0.004379062,125.0
2.685143759,0.004062676,125.0
2.769260028,0.003938619,125.0
2.89009599,0.003749914,125.0
3.009056358,0.003570306,125.0
3.177833987,0.003321285,125.0
3.285170086,0.003178731,125.0
3.42039243,0.003003379,125.0
3.481070871,0.002933857,125.0
3.514423504,0.002885625,125.0
3.544714339,0.002855907,125.0
3.582091061,0.002811895,125.0
3.633695195,0.002748582,125.0
3.700129548,0.002689527,125.0
3.757015456,0.002639938,125.0
3.829354212,0.002575258,125.0
3.866044395,0.002548798,125.0
3.93297496,0.00250446,125.0
3.993440967,0.002465996,125.0
0.8984938839971703,0.0374724139758807,222.0
0.887759595184044,0.0379208308281154,222.0
0.9078317542925568,0.0374954046250736,222.0
0.8253771152505842,0.0391723792889363,122.0
0.8699968603649789,0.03818676735506,122.0
0.8904495858692791,0.0082218900817927,15.0
0.8714593024939067,0.0378948591036071,106.0
0.9016729520876092,0.0375776677442943,200.0
0.8981322381401986,0.037619854805667395,250.0
